grammy_event_id,year,title,category,published_at,updated_at
1,2019,62nd annual grammy awards 2019,record of the year,2020-05-19 05:10:28,2020-05-19 05:10:28
3,2019,62nd annual grammy awards 2019,song of the year,2020-05-19 05:10:28,2020-05-19 05:10:28
4,2019,62nd annual grammy awards 2019,best new artist,2020-05-19 05:10:28,2020-05-19 05:10:28
9,2019,62nd annual grammy awards 2019,best dance recording,2020-05-19 05:10:28,2020-05-19 05:10:28
10,2019,62nd annual grammy awards 2019,best danceelectronic album,2020-05-19 05:10:28,2020-05-19 05:10:28
18,2019,62nd annual grammy awards 2019,best traditional rb performance,2020-05-19 05:10:28,2020-05-19 05:10:28
19,2019,62nd annual grammy awards 2019,best rb song,2020-05-19 05:10:28,2020-05-19 05:10:28
21,2019,62nd annual grammy awards 2019,best rb album,2020-05-19 05:10:28,2020-05-19 05:10:28
24,2019,62nd annual grammy awards 2019,best rap song,2020-05-19 05:10:28,2020-05-19 05:10:28
27,2019,62nd annual grammy awards 2019,best country duogroup performance,2020-05-19 05:10:28,2020-05-19 05:10:28
28,2019,62nd annual grammy awards 2019,best country song,2020-05-19 05:10:28,2020-05-19 05:10:28
36,2019,62nd annual grammy awards 2019,best gospel performancesong,2020-05-19 05:10:28,2020-05-19 05:10:28
37,2019,62nd annual grammy awards 2019,best contemporary christian music performancesong,2020-05-19 05:10:28,2020-05-19 05:10:28
39,2019,62nd annual grammy awards 2019,best contemporary christian music album,2020-05-19 05:10:28,2020-05-19 05:10:28
42,2019,62nd annual grammy awards 2019,best latin rock urban or alternative album,2020-05-19 05:10:28,2020-05-19 05:10:28
46,2019,62nd annual grammy awards 2019,best american roots song,2020-05-19 05:10:28,2020-05-19 05:10:28
59,2019,62nd annual grammy awards 2019,best compilation soundtrack for visual media,2020-05-19 05:10:28,2020-05-19 05:10:28
61,2019,62nd annual grammy awards 2019,best song written for visual media,2020-05-19 05:10:28,2020-05-19 05:10:28
65,2019,62nd annual grammy awards 2019,best recording package,2020-05-19 05:10:28,2020-05-19 05:10:28
70,2019,62nd annual grammy awards 2019,producer of the year non-classical,2020-05-19 05:10:28,2020-05-19 05:10:28
88,2018,61st annual grammy awards 2018,best new artist,2018-12-06 23:48:49,2019-09-10 01:06:11
93,2018,61st annual grammy awards 2018,best dance recording,2018-12-06 23:48:49,2019-09-10 01:06:11
105,2018,61st annual grammy awards 2018,best rb album,2018-12-06 23:48:49,2019-09-10 01:06:11
108,2018,61st annual grammy awards 2018,best rap song,2018-12-06 23:48:49,2019-09-10 01:06:11
120,2018,61st annual grammy awards 2018,best gospel performancesong,2018-12-06 23:48:49,2019-09-10 01:06:11
121,2018,61st annual grammy awards 2018,best contemporary christian music performancesong,2018-12-06 23:48:49,2019-09-10 01:06:11
130,2018,61st annual grammy awards 2018,best american roots song,2018-12-06 23:48:49,2019-09-10 01:06:11
145,2018,61st annual grammy awards 2018,best song written for visual media,2018-12-06 23:48:49,2019-09-10 01:06:11
154,2018,61st annual grammy awards 2018,producer of the year non-classical,2018-12-06 23:48:49,2019-09-10 01:06:11
169,2017,60th annual grammy awards 2017,record of the year,2018-05-22 03:08:24,2019-09-10 01:06:11
171,2017,60th annual grammy awards 2017,song of the year,2018-05-22 03:08:24,2019-09-10 01:06:11
172,2017,60th annual grammy awards 2017,best new artist,2018-05-22 03:08:24,2019-09-10 01:06:11
182,2017,60th annual grammy awards 2017,best rock song,2018-05-22 03:08:24,2019-09-10 01:06:11
187,2017,60th annual grammy awards 2017,best rb song,2018-05-22 03:08:24,2019-09-10 01:06:11
192,2017,60th annual grammy awards 2017,best rap song,2018-05-22 03:08:24,2019-09-10 01:06:11
196,2017,60th annual grammy awards 2017,best country song,2018-05-22 03:08:24,2019-09-10 01:06:11
205,2017,60th annual grammy awards 2017,best contemporary christian music performancesong,2018-05-22 03:08:24,2019-09-10 01:06:11
227,2017,60th annual grammy awards 2017,best compilation soundtrack for visual media,2018-05-22 03:08:24,2019-09-10 01:06:11
228,2017,60th annual grammy awards 2017,best score soundtrack for visual media,2018-05-22 03:08:24,2019-09-10 01:06:11
229,2017,60th annual grammy awards 2017,best song written for visual media,2018-05-22 03:08:24,2019-09-10 01:06:11
253,2016,59th annual grammy awards 2016,record of the year,2017-11-28 00:03:45,2019-09-10 01:06:11
255,2016,59th annual grammy awards 2016,song of the year,2017-11-28 00:03:45,2019-09-10 01:06:11
256,2016,59th annual grammy awards 2016,best new artist,2017-11-28 00:03:45,2019-09-10 01:06:11
257,2016,59th annual grammy awards 2016,best pop solo performance,2017-11-28 00:03:45,2019-09-10 01:06:11
261,2016,59th annual grammy awards 2016,best dance recording,2017-11-28 00:03:45,2019-09-10 01:06:11
262,2016,59th annual grammy awards 2016,best danceelectronic album,2017-11-28 00:03:45,2019-09-10 01:06:11
265,2016,59th annual grammy awards 2016,best metal performance,2017-11-28 00:03:45,2019-09-10 01:06:11
330,2016,59th annual grammy awards 2016,best chamber musicsmall ensemble performance,2017-11-28 00:03:45,2019-09-10 01:06:11
337,2015,58th annual grammy awards 2015,record of the year,2017-11-28 00:03:45,2019-09-10 01:09:02
339,2015,58th annual grammy awards 2015,song of the year,2017-11-28 00:03:45,2019-09-10 01:09:02
340,2015,58th annual grammy awards 2015,best new artist,2017-11-28 00:03:45,2019-09-10 01:09:02
357,2015,58th annual grammy awards 2015,best rb album,2017-11-28 00:03:45,2019-09-10 01:09:02
360,2015,58th annual grammy awards 2015,best rap song,2017-11-28 00:03:45,2019-09-10 01:09:02
364,2015,58th annual grammy awards 2015,best country song,2017-11-28 00:03:45,2019-09-10 01:09:02
371,2015,58th annual grammy awards 2015,best latin jazz album,2017-11-28 00:03:45,2019-09-10 01:09:02
373,2015,58th annual grammy awards 2015,best contemporary christian music performancesong,2017-11-28 00:03:45,2019-09-10 01:09:02
378,2015,58th annual grammy awards 2015,best latin rock urban or alternative album,2017-11-28 00:03:45,2019-09-10 01:09:02
390,2015,58th annual grammy awards 2015,best children's album,2017-11-28 00:03:45,2019-09-10 01:09:02
396,2015,58th annual grammy awards 2015,best song written for visual media,2017-11-28 00:03:45,2019-09-10 01:09:02
423,2014,57th annual grammy awards 2014,best new artist,2017-11-28 00:03:45,2020-09-01 12:16:40
433,2014,57th annual grammy awards 2014,best rock song,2017-11-28 00:03:45,2020-09-01 12:16:40
435,2014,57th annual grammy awards 2014,best alternative music album,2017-11-28 00:03:45,2020-09-01 12:16:40
441,2014,57th annual grammy awards 2014,best rap performance,2017-11-28 00:03:45,2020-09-01 12:16:40
443,2014,57th annual grammy awards 2014,best rap song,2017-11-28 00:03:45,2020-09-01 12:16:40
477,2014,57th annual grammy awards 2014,best compilation soundtrack for visual media,2017-11-28 00:03:45,2020-09-01 12:16:40
479,2014,57th annual grammy awards 2014,best song written for visual media,2017-11-28 00:03:45,2020-09-01 12:16:40
481,2014,57th annual grammy awards 2014,best arrangement instrumental or a cappella,2017-11-28 00:03:45,2020-09-01 12:16:40
490,2014,57th annual grammy awards 2014,best surround sound album,2017-11-28 00:03:45,2020-09-01 12:16:40
505,2013,56th annual grammy awards 2013,song of the year,2017-11-28 00:03:45,2019-09-10 01:06:59
511,2013,56th annual grammy awards 2013,best dance recording,2017-11-28 00:03:45,2019-09-10 01:06:59
519,2013,56th annual grammy awards 2013,best rb performance,2017-11-28 00:03:45,2019-09-10 01:06:59
560,2013,56th annual grammy awards 2013,best score soundtrack for visual media,2017-11-28 00:03:45,2019-09-10 01:06:59
561,2013,56th annual grammy awards 2013,best song written for visual media,2017-11-28 00:03:45,2019-09-10 01:06:59
570,2013,56th annual grammy awards 2013,producer of the year non-classical,2017-11-28 00:03:45,2019-09-10 01:06:59
585,2012,55th annual grammy awards 2012,record of the year,2017-11-28 00:03:45,2019-09-10 01:06:11
587,2012,55th annual grammy awards 2012,song of the year,2017-11-28 00:03:45,2019-09-10 01:06:11
588,2012,55th annual grammy awards 2012,best new artist,2017-11-28 00:03:45,2019-09-10 01:06:11
598,2012,55th annual grammy awards 2012,best rock song,2017-11-28 00:03:45,2019-09-10 01:06:11
613,2012,55th annual grammy awards 2012,best country album,2017-11-28 00:03:45,2019-09-10 01:06:11
619,2012,55th annual grammy awards 2012,best latin jazz album,2017-11-28 00:03:45,2019-09-10 01:06:11
622,2012,55th annual grammy awards 2012,best contemporary christian music song,2017-11-28 00:03:45,2019-09-10 01:06:11
623,2012,55th annual grammy awards 2012,best gospel album,2017-11-28 00:03:45,2019-09-10 01:06:11
651,2012,55th annual grammy awards 2012,producer of the year non-classical,2017-11-28 00:03:45,2019-09-10 01:06:11
666,2011,54th annual grammy awards 2011,record of the year,2017-11-28 00:03:45,2019-09-10 01:07:37
668,2011,54th annual grammy awards 2011,song of the year,2017-11-28 00:03:45,2019-09-10 01:07:37
669,2011,54th annual grammy awards 2011,best new artist,2017-11-28 00:03:45,2019-09-10 01:07:37
679,2011,54th annual grammy awards 2011,best rock song,2017-11-28 00:03:45,2019-09-10 01:07:37
681,2011,54th annual grammy awards 2011,best alternative music album,2017-11-28 00:03:45,2019-09-10 01:07:37
692,2011,54th annual grammy awards 2011,best country song,2017-11-28 00:03:45,2019-09-10 01:07:37
701,2011,54th annual grammy awards 2011,best contemporary christian music song,2017-11-28 00:03:45,2019-09-10 01:07:37
721,2011,54th annual grammy awards 2011,best song written for visual media,2017-11-28 00:03:45,2019-09-10 01:07:37
744,2010,53rd annual grammy awards 2010,record of the year,2017-11-28 00:03:45,2019-09-10 01:08:19
746,2010,53rd annual grammy awards 2010,song of the year,2017-11-28 00:03:45,2019-09-10 01:08:19
756,2010,53rd annual grammy awards 2010,best electronicdance album,2017-11-28 00:03:45,2019-09-10 01:08:19
766,2010,53rd annual grammy awards 2010,best female rb vocal performance,2017-11-28 00:03:45,2019-09-10 01:08:19
771,2010,53rd annual grammy awards 2010,best rb song,2017-11-28 00:03:45,2019-09-10 01:08:19
777,2010,53rd annual grammy awards 2010,best rap song,2017-11-28 00:03:45,2019-09-10 01:08:19
784,2010,53rd annual grammy awards 2010,best country song,2017-11-28 00:03:45,2019-09-10 01:08:19
804,2010,53rd annual grammy awards 2010,best norteno album,2017-11-28 00:03:45,2019-09-10 01:08:19
823,2010,53rd annual grammy awards 2010,best compilation soundtrack album for motion picture television or other visual media,2017-11-28 00:03:45,2019-09-10 01:08:19
829,2010,53rd annual grammy awards 2010,best recording package,2017-11-28 00:03:45,2019-09-10 01:08:19
852,2009,52nd annual grammy awards 2009,record of the year,2017-11-28 00:03:45,2019-09-10 01:08:19
863,2009,52nd annual grammy awards 2009,best dance recording,2017-11-28 00:03:45,2019-09-10 01:08:19
871,2009,52nd annual grammy awards 2009,best rock song,2017-11-28 00:03:45,2019-09-10 01:08:19
933,2009,52nd annual grammy awards 2009,best score soundtrack album for motion picture television or other visual media,2017-11-28 00:03:45,2019-09-10 01:08:19
964,2008,51st annual grammy awards 2008,best new artist,2017-11-28 00:03:45,2019-09-10 01:07:37
975,2008,51st annual grammy awards 2008,best solo rock vocal performance,2017-11-28 00:03:45,2019-09-10 01:07:37
1001,2008,51st annual grammy awards 2008,best country song,2017-11-28 00:03:45,2019-09-10 01:07:37
1071,2007,50th annual grammy awards 2007,record of the year,2017-11-28 00:03:45,2019-09-10 01:06:59
1073,2007,50th annual grammy awards 2007,song of the year,2017-11-28 00:03:45,2019-09-10 01:06:59
1074,2007,50th annual grammy awards 2007,best new artist,2017-11-28 00:03:45,2019-09-10 01:06:59
1098,2007,50th annual grammy awards 2007,best rb song,2017-11-28 00:03:45,2019-09-10 01:06:59
1102,2007,50th annual grammy awards 2007,best rap performance by a duo or group,2017-11-28 00:03:45,2019-09-10 01:06:59
1104,2007,50th annual grammy awards 2007,best rap song,2017-11-28 00:03:45,2019-09-10 01:06:59
1111,2007,50th annual grammy awards 2007,best country song,2017-11-28 00:03:45,2019-09-10 01:06:59
1152,2007,50th annual grammy awards 2007,best compilation soundtrack album for motion picture television or other visual media,2017-11-28 00:03:45,2019-09-10 01:06:59
1163,2007,50th annual grammy awards 2007,producer of the year non-classical,2017-11-28 00:03:45,2019-09-10 01:06:59
1165,2007,50th annual grammy awards 2007,best surround sound album,2017-11-28 00:03:45,2019-09-10 01:06:59
1184,2006,49th annual grammy awards 2006,best new artist,2017-11-28 00:03:45,2019-09-10 01:11:09
1200,2006,49th annual grammy awards 2006,best rock song,2017-11-28 00:03:45,2019-09-10 01:11:09
1204,2006,49th annual grammy awards 2006,best male rb vocal performance,2017-11-28 00:03:45,2019-09-10 01:11:09
1237,2006,49th annual grammy awards 2006,best contemporary rb gospel album,2017-11-28 00:03:45,2019-09-10 01:11:09
1260,2006,49th annual grammy awards 2006,best compilation soundtrack album for motion picture television or other visual media,2017-11-28 00:03:45,2019-09-10 01:11:09
1289,2005,48th annual grammy awards 2005,record of the year,2017-11-28 00:03:45,2017-11-28 00:03:45
1292,2005,48th annual grammy awards 2005,best new artist,2017-11-28 00:03:45,2017-11-28 00:03:45
1300,2005,48th annual grammy awards 2005,best dance recording,2017-11-28 00:03:45,2017-11-28 00:03:45
1316,2005,48th annual grammy awards 2005,best rb song,2017-11-28 00:03:45,2017-11-28 00:03:45
1329,2005,48th annual grammy awards 2005,best country song,2017-11-28 00:03:45,2017-11-28 00:03:45
1368,2005,48th annual grammy awards 2005,best compilation soundtrack album for motion picture television or other visual media,2017-11-28 00:03:45,2017-11-28 00:03:45
1369,2005,48th annual grammy awards 2005,best score soundtrack album for motion picture television or other visual media,2017-11-28 00:03:45,2017-11-28 00:03:45
1375,2005,48th annual grammy awards 2005,best boxed or special limited edition package,2017-11-28 00:03:45,2017-11-28 00:03:45
1397,2004,47th annual grammy awards 2004,record of the year,2017-11-28 00:03:45,2019-09-10 01:08:19
1399,2004,47th annual grammy awards 2004,song of the year,2017-11-28 00:03:45,2019-09-10 01:08:19
1401,2004,47th annual grammy awards 2004,best female pop vocal performance,2017-11-28 00:03:45,2019-09-10 01:08:19
1402,2004,47th annual grammy awards 2004,best male pop vocal performance,2017-11-28 00:03:45,2019-09-10 01:08:19
1403,2004,47th annual grammy awards 2004,best pop performance by a duo or group with vocal,2017-11-28 00:03:45,2019-09-10 01:08:19
1408,2004,47th annual grammy awards 2004,best dance recording,2017-11-28 00:03:45,2019-09-10 01:08:19
1416,2004,47th annual grammy awards 2004,best rock song,2017-11-28 00:03:45,2019-09-10 01:08:19
1448,2004,47th annual grammy awards 2004,best rock gospel album,2017-11-28 00:03:45,2019-09-10 01:08:19
1472,2004,47th annual grammy awards 2004,best spoken word album,2017-11-28 00:03:45,2019-09-10 01:08:19
1504,2003,46th annual grammy awards 2003,record of the year,2017-11-28 00:03:45,2019-09-10 01:07:37
1507,2003,46th annual grammy awards 2003,best new artist,2017-11-28 00:03:45,2019-09-10 01:07:37
1523,2003,46th annual grammy awards 2003,best rock song,2017-11-28 00:03:45,2019-09-10 01:07:37
1538,2003,46th annual grammy awards 2003,best rap song,2017-11-28 00:03:45,2019-09-10 01:07:37
1551,2003,46th annual grammy awards 2003,best jazz instrumental solo,2017-11-28 00:03:45,2019-09-10 01:07:37
1581,2003,46th annual grammy awards 2003,best compilation soundtrack album for a motion picture television or other visual media,2017-11-28 00:03:45,2019-09-10 01:07:37
1585,2003,46th annual grammy awards 2003,best instrumental arrangement,2017-11-28 00:03:45,2019-09-10 01:07:37
1587,2003,46th annual grammy awards 2003,best recording package,2017-11-28 00:03:45,2019-09-10 01:07:37
1609,2002,45th annual grammy awards 2002,record of the year,2017-11-28 00:03:45,2019-09-10 01:06:59
1611,2002,45th annual grammy awards 2002,song of the year,2017-11-28 00:03:45,2019-09-10 01:06:59
1612,2002,45th annual grammy awards 2002,best new artist,2017-11-28 00:03:45,2019-09-10 01:06:59
1620,2002,45th annual grammy awards 2002,best dance recording,2017-11-28 00:03:45,2019-09-10 01:06:59
1628,2002,45th annual grammy awards 2002,best rock song,2017-11-28 00:03:45,2019-09-10 01:06:59
1638,2002,45th annual grammy awards 2002,best contemporary rb album,2017-11-28 00:03:45,2019-09-10 01:06:59
1650,2002,45th annual grammy awards 2002,best country album,2017-11-28 00:03:45,2019-09-10 01:06:59
1658,2002,45th annual grammy awards 2002,best latin jazz album,2017-11-28 00:03:45,2019-09-10 01:06:59
1691,2002,45th annual grammy awards 2002,best recording package,2017-11-28 00:03:45,2019-09-10 01:06:59
1716,2001,44th annual grammy awards 2001,best new artist,2017-11-28 00:03:45,2019-09-10 01:06:11
1722,2001,44th annual grammy awards 2001,best dance recording,2017-11-28 00:03:45,2019-09-10 01:06:11
1737,2001,44th annual grammy awards 2001,best rb performance by a duo or group with vocal,2017-11-28 00:03:45,2019-09-10 01:06:11
1745,2001,44th annual grammy awards 2001,best female country vocal performance,2017-11-28 00:03:45,2019-09-10 01:06:11
1750,2001,44th annual grammy awards 2001,best country song,2017-11-28 00:03:45,2019-09-10 01:06:11
1823,2000,43rd annual grammy awards 2000,best dance recording,2017-11-28 00:03:45,2019-09-10 01:11:09
1833,2000,43rd annual grammy awards 2000,best rock song,2017-11-28 00:03:45,2019-09-10 01:11:09
1835,2000,43rd annual grammy awards 2000,best alternative music album,2017-11-28 00:03:45,2019-09-10 01:11:09
1839,2000,43rd annual grammy awards 2000,best rb song,2017-11-28 00:03:45,2019-09-10 01:11:09
1887,2000,43rd annual grammy awards 2000,best score soundtrack album for a motion picture television or other visual media,2017-11-28 00:03:45,2019-09-10 01:11:09
1897,2000,43rd annual grammy awards 2000,producer of the year non-classical,2017-11-28 00:03:45,2019-09-10 01:11:09
1916,1999,42nd annual grammy awards 1999,best new artist,2017-11-28 00:03:45,2019-09-10 01:09:02
1920,1999,42nd annual grammy awards 1999,best pop collaboration with vocals,2017-11-28 00:03:45,2019-09-10 01:09:02
1922,1999,42nd annual grammy awards 1999,best dance recording,2017-11-28 00:03:45,2019-09-10 01:09:02
1931,1999,42nd annual grammy awards 1999,best rock song,2017-11-28 00:03:45,2019-09-10 01:09:02
1937,1999,42nd annual grammy awards 1999,best rhythm blues song,2017-11-28 00:03:45,2019-09-10 01:09:02
1948,1999,42nd annual grammy awards 1999,best country song,2017-11-28 00:03:45,2019-09-10 01:09:02
1959,1999,42nd annual grammy awards 1999,best popcontemporary gospel album,2017-11-28 00:03:45,2019-09-10 01:09:02
2045,1998,41st annual grammy awards 1998,best country song,2017-11-28 00:03:45,2019-09-10 01:08:19
2070,1998,41st annual grammy awards 1998,best reggae album,2017-11-28 00:03:45,2019-09-10 01:08:19
2113,1997,40th annual grammy awards 1997,best dance recording,2017-11-28 00:03:45,2019-09-10 01:07:37
2122,1997,40th annual grammy awards 1997,best rock song,2017-11-28 00:03:45,2019-09-10 01:07:37
2156,1997,40th annual grammy awards 1997,best tropical latin performance,2017-11-28 00:03:45,2019-09-10 01:07:37
2180,1997,40th annual grammy awards 1997,producer of the year non-classical,2017-11-28 00:03:45,2019-09-10 01:07:37
2198,1996,39th annual grammy awards 1996,best new artist,2017-11-28 00:03:45,2019-09-10 01:06:11
2213,1996,39th annual grammy awards 1996,best rock album,2017-11-28 00:03:45,2019-09-10 01:06:11
2228,1996,39th annual grammy awards 1996,best country song,2017-11-28 00:03:45,2019-09-10 01:06:11
2241,1996,39th annual grammy awards 1996,best traditional soul gospel album,2017-11-28 00:03:45,2019-09-10 01:06:11
2244,1996,39th annual grammy awards 1996,best latin pop performance,2017-11-28 00:03:45,2019-09-10 01:06:11
2252,1996,39th annual grammy awards 1996,best world music album,2017-11-28 00:03:45,2019-09-10 01:06:11
2269,1996,39th annual grammy awards 1996,producer of the year,2017-11-28 00:03:45,2019-09-10 01:06:11
2284,1995,38th annual grammy awards 1995,record of the year,2017-11-28 00:03:45,2019-09-10 01:11:09
2286,1995,38th annual grammy awards 1995,song of the year,2017-11-28 00:03:45,2019-09-10 01:11:09
2301,1995,38th annual grammy awards 1995,best rock song,2017-11-28 00:03:45,2019-09-10 01:11:09
2320,1995,38th annual grammy awards 1995,best new age album,2017-11-28 00:03:45,2019-09-10 01:11:09
2324,1995,38th annual grammy awards 1995,best jazz instrumental performance individual or group,2017-11-28 00:03:45,2019-09-10 01:11:09
2340,1995,38th annual grammy awards 1995,best reggae album,2017-11-28 00:03:45,2019-09-10 01:11:09
2350,1995,38th annual grammy awards 1995,best song written specifically for a motion picture or for television,2017-11-28 00:03:45,2019-09-10 01:11:09
2358,1995,38th annual grammy awards 1995,producer of the year,2017-11-28 00:03:45,2019-09-10 01:11:09
2372,1994,37th annual grammy awards 1994,record of the year,2017-11-28 00:03:45,2019-09-10 01:09:02
2375,1994,37th annual grammy awards 1994,best new artist,2017-11-28 00:03:45,2019-09-10 01:09:02
2395,1994,37th annual grammy awards 1994,best rhythm blues song,2017-11-28 00:03:45,2019-09-10 01:09:02
2404,1994,37th annual grammy awards 1994,best country song,2017-11-28 00:03:45,2019-09-10 01:09:02
2412,1994,37th annual grammy awards 1994,best large jazz ensemble performance,2017-11-28 00:03:45,2019-09-10 01:09:02
2434,1994,37th annual grammy awards 1994,best musical show album,2017-11-28 00:03:45,2019-09-10 01:09:02
2439,1994,37th annual grammy awards 1994,best instrumental arrangement with accompanying vocals,2017-11-28 00:03:45,2019-09-10 01:09:02
2462,1993,36th annual grammy awards 1993,best new artist,2017-11-28 00:03:45,2019-09-10 01:08:19
2473,1993,36th annual grammy awards 1993,best rock song,2017-11-28 00:03:45,2019-09-10 01:08:19
2500,1993,36th annual grammy awards 1993,best latin pop album,2017-11-28 00:03:45,2019-09-10 01:08:19
2526,1993,36th annual grammy awards 1993,producer of the year,2017-11-28 00:03:45,2019-09-10 01:08:19
2538,1992,35th annual grammy awards 1992,record of the year,2017-11-28 00:03:45,2019-09-10 01:07:37
2540,1992,35th annual grammy awards 1992,song of the year,2017-11-28 00:03:45,2019-09-10 01:07:37
2553,1992,35th annual grammy awards 1992,best rock song,2017-11-28 00:03:45,2019-09-10 01:07:37
2559,1992,35th annual grammy awards 1992,best rhythm blues song,2017-11-28 00:03:45,2019-09-10 01:07:37
2597,1992,35th annual grammy awards 1992,best song written specifically for a motion picture or for television,2017-11-28 00:03:45,2019-09-10 01:07:37
2618,1991,34th annual grammy awards 1991,record of the year,2017-11-28 00:03:45,2019-09-10 01:06:59
2620,1991,34th annual grammy awards 1991,song of the year,2017-11-28 00:03:45,2019-09-10 01:06:59
2630,1991,34th annual grammy awards 1991,best metal performance,2017-11-28 00:03:45,2019-09-10 01:06:59
2681,1991,34th annual grammy awards 1991,producer of the year non classical,2017-11-28 00:03:45,2019-09-10 01:06:59
2699,1990,33rd annual grammy awards 1990,best new artist,2017-11-28 00:03:45,2019-09-10 01:11:09
2758,1990,33rd annual grammy awards 1990,producer of the year non-classical,2017-11-28 00:03:45,2019-09-10 01:11:09
2790,1989,32nd annual grammy awards 1989,best rhythm blues song,2017-11-28 00:03:45,2019-09-10 01:09:02
2797,1989,32nd annual grammy awards 1989,best jazz instrumental performance soloist on a jazz recording,2017-11-28 00:03:45,2019-09-10 01:09:02
2806,1989,32nd annual grammy awards 1989,best country song,2017-11-28 00:03:45,2019-09-10 01:09:02
2851,1988,31st annual grammy awards 1988,best new artist,2017-11-28 00:03:45,2019-09-10 01:08:19
2878,1988,31st annual grammy awards 1988,best country vocal collaboration,2017-11-28 00:03:45,2019-09-10 01:08:19
2881,1988,31st annual grammy awards 1988,best country song,2017-11-28 00:03:45,2019-09-10 01:08:19
2888,1988,31st annual grammy awards 1988,best latin pop performance,2017-11-28 00:03:45,2019-09-10 01:08:19
2924,1987,30th annual grammy awards 1987,record of the year,2017-11-28 00:03:45,2019-09-10 01:07:37
2940,1987,30th annual grammy awards 1987,best rhythm blues song,2017-11-28 00:03:45,2019-09-10 01:07:37
2952,1987,30th annual grammy awards 1987,best country song,2017-11-28 00:03:45,2019-09-10 01:07:37
2982,1987,30th annual grammy awards 1987,best engineered recording - non-classical,2017-11-28 00:03:45,2019-09-10 01:07:37
2995,1986,29th annual grammy awards 1986,record of the year,2017-11-28 00:03:45,2019-09-10 01:06:59
3010,1986,29th annual grammy awards 1986,best rb performance by a duo or group with vocal,2017-11-28 00:03:45,2019-09-10 01:06:59
3012,1986,29th annual grammy awards 1986,best rhythm blues song,2017-11-28 00:03:45,2019-09-10 01:06:59
3024,1986,29th annual grammy awards 1986,best country song,2017-11-28 00:03:45,2019-09-10 01:06:59
3034,1986,29th annual grammy awards 1986,best traditional blues recording,2017-11-28 00:03:45,2019-09-10 01:06:59
3066,1985,28th annual grammy awards 1985,best new artist,2017-11-28 00:03:45,2019-09-10 01:06:11
3074,1985,28th annual grammy awards 1985,best rock instrumental performance orchestra group or soloist,2017-11-28 00:03:45,2019-09-10 01:06:11
3095,1985,28th annual grammy awards 1985,best soul gospel performance female,2017-11-28 00:03:45,2019-09-10 01:06:11
3097,1985,28th annual grammy awards 1985,best soul gospel performance by a duo group choir or chorus,2017-11-28 00:03:45,2019-09-10 01:06:11
3134,1984,27th annual grammy awards 1984,record of the year,2017-11-28 00:03:45,2019-09-10 01:11:09
3136,1984,27th annual grammy awards 1984,song of the year,2017-11-28 00:03:45,2019-09-10 01:11:09
3137,1984,27th annual grammy awards 1984,best new artist,2017-11-28 00:03:45,2019-09-10 01:11:09
3150,1984,27th annual grammy awards 1984,best rhythm blues song,2017-11-28 00:03:45,2019-09-10 01:11:09
3157,1984,27th annual grammy awards 1984,best gospel performance female,2017-11-28 00:03:45,2019-09-10 01:11:09
3158,1984,27th annual grammy awards 1984,best gospel performance male,2017-11-28 00:03:45,2019-09-10 01:11:09
3169,1984,27th annual grammy awards 1984,best reggae recording,2017-11-28 00:03:45,2019-09-10 01:11:09
3176,1984,27th annual grammy awards 1984,best video short form,2017-11-28 00:03:45,2019-09-10 01:11:09
3188,1984,27th annual grammy awards 1984,best engineered recording - non-classical,2017-11-28 00:03:45,2019-09-10 01:11:09
3189,1984,27th annual grammy awards 1984,producer of the year non-classical,2017-11-28 00:03:45,2019-09-10 01:11:09
3203,1983,26th annual grammy awards 1983,song of the year,2017-11-28 00:03:45,2019-09-10 01:09:02
3204,1983,26th annual grammy awards 1983,best new artist,2017-11-28 00:03:45,2019-09-10 01:09:02
3213,1983,26th annual grammy awards 1983,best rb vocal performance female,2017-11-28 00:03:45,2019-09-10 01:09:02
3217,1983,26th annual grammy awards 1983,best rhythm blues song,2017-11-28 00:03:45,2019-09-10 01:09:02
3243,1983,26th annual grammy awards 1983,best video album,2017-11-28 00:03:45,2019-09-10 01:09:02
3256,1983,26th annual grammy awards 1983,best engineered recording - non-classical,2017-11-28 00:03:45,2019-09-10 01:09:02
3270,1982,25th annual grammy awards 1982,song of the year,2017-11-28 00:03:45,2019-09-10 01:08:19
3290,1982,25th annual grammy awards 1982,best country song,2017-11-28 00:03:45,2019-09-10 01:08:19
3312,1982,25th annual grammy awards 1982,best arrangement on an instrumental recording,2017-11-28 00:03:45,2019-09-10 01:08:19
3319,1982,25th annual grammy awards 1982,producer of the year,2017-11-28 00:03:45,2019-09-10 01:08:19
3333,1981,24th annual grammy awards 1981,best new artist,2017-11-28 00:03:45,2019-09-10 01:06:59
3346,1981,24th annual grammy awards 1981,best rhythm blues song,2017-11-28 00:03:45,2019-09-10 01:06:59
3352,1981,24th annual grammy awards 1981,best country song,2017-11-28 00:03:45,2019-09-10 01:06:59
3380,1981,24th annual grammy awards 1981,producer of the year,2017-11-28 00:03:45,2019-09-10 01:06:59
3391,1980,23rd annual grammy awards 1980,record of the year,2017-11-28 00:03:45,2019-09-10 01:06:11
3392,1980,23rd annual grammy awards 1980,album of the year,2017-11-28 00:03:45,2019-09-10 01:06:11
3393,1980,23rd annual grammy awards 1980,song of the year,2017-11-28 00:03:45,2019-09-10 01:06:11
3394,1980,23rd annual grammy awards 1980,best new artist,2017-11-28 00:03:45,2019-09-10 01:06:11
3395,1980,23rd annual grammy awards 1980,best pop vocal performance female,2017-11-28 00:03:45,2019-09-10 01:06:11
3413,1980,23rd annual grammy awards 1980,best country song,2017-11-28 00:03:45,2019-09-10 01:06:11
3438,1980,23rd annual grammy awards 1980,best engineered recording - non-classical,2017-11-28 00:03:45,2019-09-10 01:06:11
3451,1979,22nd annual grammy awards 1979,record of the year,2017-11-28 00:03:45,2019-09-10 01:11:09
3453,1979,22nd annual grammy awards 1979,song of the year,2017-11-28 00:03:45,2019-09-10 01:11:09
3467,1979,22nd annual grammy awards 1979,best rhythm blues song,2017-11-28 00:03:45,2019-09-10 01:11:09
3468,1979,22nd annual grammy awards 1979,best disco recording,2017-11-28 00:03:45,2019-09-10 01:11:09
3509,1978,21st annual grammy awards 1978,record of the year,2017-11-28 00:03:45,2019-09-10 01:09:02
3511,1978,21st annual grammy awards 1978,song of the year,2017-11-28 00:03:45,2019-09-10 01:09:02
3521,1978,21st annual grammy awards 1978,best rhythm blues song,2017-11-28 00:03:45,2019-09-10 01:09:02
3526,1978,21st annual grammy awards 1978,best country song,2017-11-28 00:03:45,2019-09-10 01:09:02
3532,1978,21st annual grammy awards 1978,best ethnic or traditional recording,2017-11-28 00:03:45,2019-09-10 01:09:02
3542,1978,21st annual grammy awards 1978,best jazz instrumental performance group,2017-11-28 00:03:45,2019-09-10 01:09:02
3568,1977,20th annual grammy awards 1977,best engineered recording - non-classical,2017-11-28 00:03:45,2019-09-10 01:08:19
3583,1977,20th annual grammy awards 1977,best rb instrumental performance,2017-11-28 00:03:45,2019-09-10 01:08:19
3584,1977,20th annual grammy awards 1977,best rhythm blues song,2017-11-28 00:03:45,2019-09-10 01:08:19
3591,1977,20th annual grammy awards 1977,best country vocal performance male,2017-11-28 00:03:45,2019-09-10 01:08:19
3596,1977,20th annual grammy awards 1977,best latin recording,2017-11-28 00:03:45,2019-09-10 01:08:19
3619,1976,19th annual grammy awards 1976,best engineered recording - non-classical,2017-11-28 00:03:45,2019-09-10 01:07:37
3622,1976,19th annual grammy awards 1976,best producer of the year,2017-11-28 00:03:45,2019-09-10 01:07:37
3663,1975,18th annual grammy awards 1975,song of the year,2017-11-28 00:03:45,2019-09-10 01:06:59
3664,1975,18th annual grammy awards 1975,best new artist of the year,2017-11-28 00:03:45,2019-09-10 01:06:59
3667,1975,18th annual grammy awards 1975,best engineered recording - non-classical,2017-11-28 00:03:45,2019-09-10 01:06:59
3683,1975,18th annual grammy awards 1975,best rhythm blues song,2017-11-28 00:03:45,2019-09-10 01:06:59
3711,1974,17th annual grammy awards 1974,song of the year,2017-11-28 00:03:45,2019-09-10 01:11:48
3756,1973,16th annual grammy awards 1973,record of the year,2017-11-28 00:03:45,2019-09-10 01:11:09
3758,1973,16th annual grammy awards 1973,song of the year,2017-11-28 00:03:45,2019-09-10 01:11:09
3759,1973,16th annual grammy awards 1973,best new artist,2017-11-28 00:03:45,2019-09-10 01:11:09
3777,1973,16th annual grammy awards 1973,best rhythm blues song,2017-11-28 00:03:45,2019-09-10 01:11:09
3783,1973,16th annual grammy awards 1973,best country song,2017-11-28 00:03:45,2019-09-10 01:11:09
3802,1972,15th annual grammy awards 1972,record of the year,2017-11-28 00:03:45,2019-09-10 01:08:19
3804,1972,15th annual grammy awards 1972,song of the year,2017-11-28 00:03:45,2019-09-10 01:08:19
3805,1972,15th annual grammy awards 1972,best new artist of the year,2017-11-28 00:03:45,2019-09-10 01:08:19
3812,1972,15th annual grammy awards 1972,best jazz performance by a soloist,2017-11-28 00:03:45,2019-09-10 01:08:19
3836,1972,15th annual grammy awards 1972,best spoken word recording,2017-11-28 00:03:45,2019-09-10 01:08:19
3849,1971,14th annual grammy awards 1971,record of the year,2017-11-28 00:03:45,2019-09-10 01:07:37
3851,1971,14th annual grammy awards 1971,song of the year,2017-11-28 00:03:45,2019-09-10 01:07:37
3865,1971,14th annual grammy awards 1971,best rhythm blues song,2017-11-28 00:03:45,2019-09-10 01:07:37
3877,1971,14th annual grammy awards 1971,best score from an original cast show album,2017-11-28 00:03:45,2019-09-10 01:07:37
3893,1970,13th annual grammy awards 1970,record of the year,2017-11-28 00:03:45,2019-09-10 01:06:59
3895,1970,13th annual grammy awards 1970,song of the year,2017-11-28 00:03:45,2019-09-10 01:06:59
3899,1970,13th annual grammy awards 1970,best engineered recording - non-classical,2017-11-28 00:03:45,2019-09-10 01:06:59
3906,1970,13th annual grammy awards 1970,best contemporary song,2017-11-28 00:03:45,2019-09-10 01:06:59
3922,1970,13th annual grammy awards 1970,best score from an original cast show album,2017-11-28 00:03:45,2019-09-10 01:06:59
3938,1969,12th annual grammy awards 1969,song of the year,2017-11-28 00:03:45,2019-09-10 01:06:11
3950,1969,12th annual grammy awards 1969,best contemporary song,2017-11-28 00:03:45,2019-09-10 01:06:11
3998,1968,11th annual grammy awards 1968,best rhythm blues song,2017-11-28 00:03:45,2019-09-10 01:11:09
4032,1967,10th annual grammy awards 1967,best comedy recording,2017-11-28 00:03:45,2019-09-10 01:09:02
4041,1967,10th annual grammy awards 1967,best rhythm blues recording,2017-11-28 00:03:45,2019-09-10 01:09:02
4069,1966,9th annual grammy awards 1966,record of the year,2017-11-28 00:03:45,2019-09-10 01:07:37
4071,1966,9th annual grammy awards 1966,song of the year,2017-11-28 00:03:45,2019-09-10 01:07:37
4094,1966,9th annual grammy awards 1966,best country western recording,2017-11-28 00:03:45,2019-09-10 01:07:37
4097,1966,9th annual grammy awards 1966,best country western song,2017-11-28 00:03:45,2019-09-10 01:07:37
4100,1966,9th annual grammy awards 1966,best engineered recording - non-classical,2017-11-28 00:03:45,2019-09-10 01:07:37
4124,1965,8th annual grammy awards 1965,best new artist,2017-11-28 00:03:45,2019-09-10 01:06:59
4157,1964,7th annual grammy awards 1964,record of the year,2017-11-28 00:03:45,2019-09-10 01:06:11
4160,1964,7th annual grammy awards 1964,song of the year,2017-11-28 00:03:45,2019-09-10 01:06:11
4181,1964,7th annual grammy awards 1964,best rock roll recording,2017-11-28 00:03:45,2019-09-10 01:06:11
4185,1964,7th annual grammy awards 1964,best new artist of 1964,2017-11-28 00:03:45,2019-09-10 01:06:11
4203,1963,6th annual grammy awards 1963,record of the year,2017-11-28 00:03:45,2019-09-10 01:11:09
4206,1963,6th annual grammy awards 1963,song of the year,2017-11-28 00:03:45,2019-09-10 01:11:09
4214,1963,6th annual grammy awards 1963,best performance by an orchestra or instrumentalist with orchestra - primarily not jazz or for dancing,2017-11-28 00:03:45,2019-09-10 01:11:09
4219,1963,6th annual grammy awards 1963,best original score from a motion picture or television show,2017-11-28 00:03:45,2019-09-10 01:11:09
4241,1963,6th annual grammy awards 1963,best rhythm blues recording,2017-11-28 00:03:45,2019-09-10 01:11:09
4242,1963,6th annual grammy awards 1963,best folk recording,2017-11-28 00:03:45,2019-09-10 01:11:09
4280,1962,5th annual grammy awards 1962,best rhythm blues recording,2017-11-28 00:03:45,2019-09-10 01:09:02
4284,1961,4th annual grammy awards 1961,record of the year,2017-11-28 00:03:45,2019-09-10 01:08:19
4287,1961,4th annual grammy awards 1961,song of the year,2017-11-28 00:03:45,2019-09-10 01:08:19
4309,1961,4th annual grammy awards 1961,best rock roll recording,2017-11-28 00:03:45,2019-09-10 01:08:19
4311,1961,4th annual grammy awards 1961,best rhythm blues recording,2017-11-28 00:03:45,2019-09-10 01:08:19
4327,1960,3rd annual grammy awards 1960,best vocal performance single record or track female,2017-11-28 00:03:45,2019-09-10 01:07:37
4329,1960,3rd annual grammy awards 1960,best vocal performance single record or track male,2017-11-28 00:03:45,2019-09-10 01:07:37
4346,1960,3rd annual grammy awards 1960,best sound track album or recording of music score from motion picture or television,2017-11-28 00:03:45,2019-09-10 01:07:37
4347,1960,3rd annual grammy awards 1960,best sound track album or recording of original cast from a motion picture or television,2017-11-28 00:03:45,2019-09-10 01:07:37
4352,1960,3rd annual grammy awards 1960,best performance by a pop single artist,2017-11-28 00:03:45,2019-09-10 01:07:37
4363,1959,2nd annual grammy awards 1959,record of the year,2017-11-28 00:03:45,2019-09-10 01:06:59
4382,1959,2nd annual grammy awards 1959,best broadway show album,2017-11-28 00:03:45,2019-09-10 01:06:59
4396,1959,2nd annual grammy awards 1959,best new artist of 1959,2017-11-28 00:03:45,2019-09-10 01:06:59
4397,1958,1st annual grammy awards 1958,record of the year,2017-11-28 00:03:45,2019-09-10 01:11:09
4399,1958,1st annual grammy awards 1958,song of the year,2017-11-28 00:03:45,2019-09-10 01:11:09
